{
    "fit_L_nu_l_$X_c \\to D^0 p$_0": [
        0.006560135152745911,
        2.27646,
        0.24323699946657157,
        0.04,
        0.04,
        2.0,
        0.42139280475285923,
        0.40596383113566714,
        -0.0223800200114862,
        -0.018980490253607908,
        62.86031105696104
    ],
    "fit_L_nu_l_$X_c \\to D^0 p$_1": [
        0.000901265005562483,
        2.294653562507559,
        0.17005311479433857,
        0.039011493329513994,
        0.04,
        1.8738876658156234,
        0.01850711695116925,
        0.027967911659743782,
        -0.0582461542546887,
        -0.04180472611838805,
        5.976163795647389
    ],
    "fit_L_nu_l_$X_c \\to D^+ p \\pi^- $_0": [
        0.0008203988292203503,
        2.335377954273736,
        0.14647410826967566,
        0.024141315707761544,
        0.04,
        1.9793568430399968,
        0.04828098765545991,
        0.0030488098680080547,
        -0.05853086993978293,
        -0.05507411474887394,
        6.84950889943264
    ],
    "fit_L_nu_l_$X_c \\to D^+ p \\pi^- $_1": [
        0.018644911968344533,
        2.27646,
        0.23234351223715188,
        0.04,
        0.04,
        2.0,
        0.3990408104747078,
        0.3286558401769705,
        -0.010330764848944962,
        0.00015348848208782454,
        67.13537115036144
    ],
    "fit_L_nu_l_$X_c \\to D^{*0} p$_0": [
        0.0005267389201063436,
        2.319669815608472,
        0.13533913518253535,
        0.019861433771034956,
        0.03992455032614041,
        1.8609721551421705,
        0.008960207800623456,
        0.0063978521169544295,
        -0.07204529539501339,
        -0.05768798003084557,
        4.612906700572611
    ],
    "fit_L_nu_l_$X_c \\to D^{*0} p$_1": [
        0.011946558464233259,
        2.27646,
        0.1829411543272159,
        0.04,
        0.04,
        2.0,
        0.30163680315049246,
        0.43257942958865725,
        -0.03435599627771741,
        -0.031658859635873685,
        63.81342536982461
    ],
    "fit_L_nu_l_$X_c \\to D^{*+} p \\pi^-$_0": [
        0.013627866112131626,
        2.27646,
        0.20887987957706267,
        0.04,
        0.04,
        2.0,
        0.2298267045048032,
        0.5374032009013113,
        -0.06522918244578604,
        -0.06730397033582745,
        69.47435105163804
    ],
    "fit_L_nu_l_$X_c \\to D^{*+} p \\pi^-$_1": [
        0.023180733355003463,
        2.277552346550432,
        0.1276364618064073,
        0.04,
        0.04,
        2.0,
        0.3251583801193682,
        0.36421459581135196,
        -0.027384465825308096,
        -0.02179005211688164,
        70.16317987190526
    ],
    "fit_p_k_pi_$X_c \\to D^0 p$_0": [
        0.0008038223032510981,
        2.2788806102718944,
        0.25413943150917145,
        0.04,
        0.04,
        2.0,
        0.019880073762027398,
        0.037931331693398976,
        -0.08270080773553753,
        -0.06653575818597461,
        6.840371238834399
    ],
    "fit_p_k_pi_$X_c \\to D^0 p$_1": [
        0.0009076031313219135,
        2.2825898363382375,
        0.18593594397782273,
        0.04,
        0.04,
        1.954947397046168,
        0.027807158231496713,
        0.028826597892790348,
        -0.07193951975895371,
        -0.055856049008004255,
        6.5607365156314295
    ],
    "fit_p_k_pi_$X_c \\to D^+ p \\pi^- $_0": [
        0.0016308027222249142,
        2.27646,
        0.24289754408152026,
        0.04,
        0.04,
        2.0,
        0.04091864177124682,
        0.053874675694775,
        -0.08831330027871322,
        -0.06850910292188132,
        9.948063404961738
    ],
    "fit_p_k_pi_$X_c \\to D^+ p \\pi^- $_1": [
        0.02019906087435876,
        2.27646,
        0.20058726543425298,
        0.04,
        0.04,
        2.0,
        0.32575360040113605,
        0.3685941230736994,
        -0.04094145085552737,
        -0.035386426436291495,
        67.60950804391823
    ],
    "fit_p_k_pi_$X_c \\to D^{*0} p$_0": [
        0.000644900154997089,
        2.27646,
        0.23006147415974532,
        0.04,
        0.04,
        2.0,
        0.01896406930732765,
        0.033607791321257664,
        -0.08744946059401319,
        -0.06955693064515497,
        6.257655972881793
    ],
    "fit_p_k_pi_$X_c \\to D^{*0} p$_1": [
        0.000940127669051812,
        2.2766022236001033,
        0.23539391118188419,
        0.04,
        0.04,
        2.0,
        0.026687832177611046,
        0.034056584740513825,
        -0.07970434062240266,
        -0.06311233467787315,
        7.014525934713362
    ],
    "fit_p_k_pi_$X_c \\to D^{*+} p \\pi^-$_0": [
        0.020870253543298856,
        2.27646,
        0.18068560474026044,
        0.04,
        0.04,
        2.0,
        0.3268092217641178,
        0.40944954707311426,
        -0.044662482497853366,
        -0.04014488227593974,
        71.47197574466519
    ],
    "fit_p_k_pi_$X_c \\to D^{*+} p \\pi^-$_1": [
        0.030095767286364213,
        2.2788037487874155,
        0.1104980459713033,
        0.04,
        0.04,
        2.0,
        0.24892382876038271,
        0.42719839589119074,
        -0.05932367937968819,
        -0.05338739643300053,
        77.38009673501547
    ]
}