{
    "fit_L_nu_l_$X_c \\to D^0 p$_0": [
        0.17524145901863775,
        2.2794158690153266,
        0.24321376233246944,
        0.030764779321151105,
        0.03355288053254224,
        1.9935628381404824,
        0.4325021845109879,
        0.42093504844820984,
        -0.020129298065916453,
        -0.01731115092662209,
        1.7916446393785532
    ],
    "fit_L_nu_l_$X_c \\to D^0 p$_1": [
        0.11874474396660319,
        2.2938740853846595,
        0.17018874720477747,
        0.037232311439586,
        0.028275145461665527,
        1.8735919354751576,
        0.03252725555168034,
        0.04563581579663967,
        -0.057901201575323906,
        -0.04134900553983297,
        1.6964217729566675
    ],
    "fit_L_nu_l_$X_c \\to D^+ p \\pi^- $_0": [
        0.118409830752968,
        2.3364599999999998,
        0.15145068825135527,
        0.004022873674797648,
        0.023909473134441445,
        1.9785539832699137,
        0.05740819993995405,
        0.01600137865015828,
        -0.05879993314684599,
        -0.05519473219959118,
        1.675802619723752
    ],
    "fit_L_nu_l_$X_c \\to D^+ p \\pi^- $_1": [
        0.26097458716618316,
        2.3356259149800387,
        0.23591114177293707,
        0.009962763540175178,
        0.024542275841403074,
        1.9888481106304539,
        0.41731626635737207,
        0.3517213272636079,
        -0.0072481248459497,
        0.0029528594528588276,
        1.6185170233278479
    ],
    "fit_L_nu_l_$X_c \\to D^{*0} p$_0": [
        0.0005267389201063436,
        2.319669815608472,
        0.13533913518253535,
        0.019861433771034956,
        0.03992455032614041,
        1.8609721551421705,
        0.008960207800623456,
        0.0063978521169544295,
        -0.07204529539501339,
        -0.05768798003084557,
        1.8513824978794957
    ],
    "fit_L_nu_l_$X_c \\to D^{*0} p$_1": [
        0.152968640408261,
        2.284397771512254,
        0.1827554234975854,
        0.034248673800448076,
        0.03401853745171806,
        1.993820036813159,
        0.31254541009471265,
        0.4471786462529355,
        -0.031739084787639094,
        -0.030380016890518717,
        1.7694373481996113
    ],
    "fit_L_nu_l_$X_c \\to D^{*+} p \\pi^-$_0": [
        0.21336767229114725,
        2.305529357827222,
        0.20897391698491866,
        0.029184000587305105,
        0.02538607842795504,
        1.9922751823091487,
        0.24127285737784213,
        0.551836889777748,
        -0.06223900409749421,
        -0.06657290421808255,
        1.6223410959810285
    ],
    "fit_L_nu_l_$X_c \\to D^{*+} p \\pi^-$_1": [
        0.3630474087035103,
        2.2926979495395443,
        0.12599721446396792,
        0.020713574740137367,
        0.03456750892587052,
        1.9896575745440763,
        0.3333496363262611,
        0.37622341484635835,
        -0.02568517580477526,
        -0.020746869479560552,
        1.6528766525932803
    ],
    "fit_p_k_pi_$X_c \\to D^0 p$_0": [
        0.0008038223032510981,
        2.2788806102718944,
        0.25413943150917145,
        0.04,
        0.04,
        2.0,
        0.019880073762027398,
        0.037931331693398976,
        -0.08270080773553753,
        -0.06653575818597461,
        6.840371238834399
    ],
    "fit_p_k_pi_$X_c \\to D^0 p$_1": [
        0.0009076031313219135,
        2.2825898363382375,
        0.18593594397782273,
        0.04,
        0.04,
        1.954947397046168,
        0.027807158231496713,
        0.028826597892790348,
        -0.07193951975895371,
        -0.055856049008004255,
        6.5607365156314295
    ],
    "fit_p_k_pi_$X_c \\to D^+ p \\pi^- $_0": [
        0.0016308027222249142,
        2.27646,
        0.24289754408152026,
        0.04,
        0.04,
        2.0,
        0.04091864177124682,
        0.053874675694775,
        -0.08831330027871322,
        -0.06850910292188132,
        9.948063404961738
    ],
    "fit_p_k_pi_$X_c \\to D^+ p \\pi^- $_1": [
        0.02019906087435876,
        2.27646,
        0.20058726543425298,
        0.04,
        0.04,
        2.0,
        0.32575360040113605,
        0.3685941230736994,
        -0.04094145085552737,
        -0.035386426436291495,
        67.60950804391823
    ],
    "fit_p_k_pi_$X_c \\to D^{*0} p$_0": [
        0.000644900154997089,
        2.27646,
        0.23006147415974532,
        0.04,
        0.04,
        2.0,
        0.01896406930732765,
        0.033607791321257664,
        -0.08744946059401319,
        -0.06955693064515497,
        6.257655972881793
    ],
    "fit_p_k_pi_$X_c \\to D^{*0} p$_1": [
        0.000940127669051812,
        2.2766022236001033,
        0.23539391118188419,
        0.04,
        0.04,
        2.0,
        0.026687832177611046,
        0.034056584740513825,
        -0.07970434062240266,
        -0.06311233467787315,
        7.014525934713362
    ],
    "fit_p_k_pi_$X_c \\to D^{*+} p \\pi^-$_0": [
        0.020870253543298856,
        2.27646,
        0.18068560474026044,
        0.04,
        0.04,
        2.0,
        0.3268092217641178,
        0.40944954707311426,
        -0.044662482497853366,
        -0.04014488227593974,
        71.47197574466519
    ],
    "fit_p_k_pi_$X_c \\to D^{*+} p \\pi^-$_1": [
        0.030095767286364213,
        2.2788037487874155,
        0.1104980459713033,
        0.04,
        0.04,
        2.0,
        0.24892382876038271,
        0.42719839589119074,
        -0.05932367937968819,
        -0.05338739643300053,
        77.38009673501547
    ]
}